"question_id","created_at","cypher_query","execution_time_ms","query_complexity","question","result_count","sandbox_name","validated"
"029fc2ee-d1d3-45de-9de8-b5d1ed1afdbf","2025-11-16T18:14:09.769830+00:00","""MATCH (u:User)-[:ASKED]->(q1:Question)-[:TAGGED]->(t1:Tag {name: 'python'}), (u)-[:ASKED]->(q2:Question)-[:TAGGED]->(t2:Tag {name: 'machine-learning'}) RETURN DISTINCT u.display_name LIMIT 10""","295.68","multi-hop","Find users who have asked questions with both 'python' and 'machine-learning' tags","0","buzzoverflow","true"
"b6a06e73-8902-4863-a743-bfa1bab84b37","2025-11-16T18:28:49.994738+00:00","""MATCH (u:User)-[:ASKED]->(q:Question)-[:TAGGED]->(t:Tag) WITH u, COLLECT(DISTINCT t.name) AS tags WHERE SIZE(tags) > 1 RETURN u.display_name, tags LIMIT 10""","303.34","multi-hop","Identify developers who have contributed questions across multiple tags","10","buzzoverflow","true"
"a826e5bf-cb44-4495-8081-bcf641542623","2025-11-16T18:19:50.866939+00:00","""MATCH (q:Question)-[:TAGGED]->(t:Tag) RETURN t.name, count(q) AS question_count ORDER BY question_count DESC LIMIT 5""","301.2","medium","What are the top 5 tags with the most questions?","5","buzzoverflow","true"
"f8858565-d908-4fa5-bf8e-1beabf4ae294","2025-11-16T18:13:47.634483+00:00","""MATCH (u:User) RETURN u.display_name, u.reputation ORDER BY u.reputation DESC LIMIT 3""","297.18","medium","Who are the top 3 users with the highest reputation?","3","buzzoverflow","true"
"e4db9c4c-d0a7-4c6d-8831-b90e6ab4d006","2025-11-13T19:13:12.443726+00:00","""MATCH (u:User)-[:ASKED]->(q1:Question)-[:TAGGED]->(t1:Tag {name: 'javascript'}), (u)-[:ASKED]->(q2:Question)-[:TAGGED]->(t2:Tag {name: 'python'}) RETURN DISTINCT u.display_name LIMIT 10""","299.37","multi-hop","Find users who have asked questions in both 'javascript' and 'python' tags","10","buzzoverflow","true"
"812d265d-3be1-47c0-9311-20829d190a69","2025-11-14T17:11:58.868697+00:00","""MATCH (u:User)-[:ASKED]->(q1:Question)-[:TAGGED]->(t1:Tag), (u)-[:ASKED]->(q2:Question)-[:TAGGED]->(t2:Tag) WHERE t1.name CONTAINS 'react' AND t2.name CONTAINS 'typescript' RETURN DISTINCT u.display_name LIMIT 10""","305.07","multi-hop","Which developers have asked questions in both React and TypeScript domains?","10","buzzoverflow","true"
"59cc5bb9-49bd-43ef-983e-d0124af1d2c7","2025-11-14T17:20:36.650871+00:00","""MATCH (u:User)-[:ASKED]->(q1:Question)-[:TAGGED]->(t1:Tag {name: 'graphql'}), (u)-[:ASKED]->(q2:Question)-[:TAGGED]->(t2:Tag {name: 'apollo'}) RETURN DISTINCT u.display_name LIMIT 10""","303.23","multi-hop","Find users who have asked questions in both GraphQL and Apollo tags","10","buzzoverflow","true"
"8615efb4-29e8-4705-813b-6055b1867aed","2025-11-14T17:10:49.029732+00:00","""MATCH (q:Question)-[:TAGGED]->(t:Tag) WHERE q.score >= 10 RETURN t.name, COUNT(q) AS high_score_questions ORDER BY high_score_questions DESC LIMIT 5""","302.04","complex","What are the most popular tags for questions with high scores?","5","buzzoverflow","true"
"449d6a70-aaef-4ed8-aa2d-d32a912a9d98","2025-11-16T18:33:21.379455+00:00","""MATCH (q:Question)-[:TAGGED]->(t:Tag) WHERE q.upVotes > 100 RETURN t.name, count(q) AS high_vote_questions ORDER BY high_vote_questions DESC LIMIT 5""","300.35","complex","""What are the top 5 tags with the most questions, filtered for questions with more than 100 upvotes?""","0","buzzoverflow","true"
"ff093823-7215-4d75-b0d1-109e723e2768","2025-11-14T17:11:26.306508+00:00","MATCH (q:Question) WHERE q.answered = true RETURN count(q) AS answered_questions","299.64","medium","How many questions have been marked as answered?","1","buzzoverflow","true"
"76f70ca0-07bc-4ba8-8b9a-a7c9843478a6","2025-11-13T19:52:37.739996+00:00","MATCH (q:Question) RETURN count(q) AS total_questions","257.78","simple","How many total questions are in the database?","1","buzzoverflow","true"
"278117bf-1587-474a-a069-912a85cc89f1","2025-11-14T17:26:54.985105+00:00","""MATCH (u:User)-[:ASKED]->(q:Question)-[:TAGGED]->(t:Tag) WHERE t.name IN ['python', 'neo4j'] RETURN DISTINCT u.display_name, COLLECT(DISTINCT t.name) AS tags LIMIT 10""","399.56","multi-hop","Which users have demonstrated expertise across Python and Neo4j?","10","buzzoverflow","true"
"61f4dd22-6c57-4e59-86d2-ea0c4c42bc44","2025-11-16T18:31:24.836658+00:00","""MATCH (u:User) WHERE u.reputation > 1000 RETURN u.display_name, u.reputation ORDER BY u.reputation DESC LIMIT 10""","283.62","medium","""List users with reputation over 1000, sorted by reputation in descending order""","10","buzzoverflow","true"
"8378013b-c39e-4d55-85a6-54093e763906","2025-11-16T18:23:50.068795+00:00","""MATCH (q:Question)-[:TAGGED]->(t:Tag) WHERE q.upVotes > 10 RETURN t.name, COUNT(q) AS high_vote_questions ORDER BY high_vote_questions DESC LIMIT 3""","300.52","complex","What are the top 3 tags with the most questions having more than 10 upvotes?","3","buzzoverflow","true"
"bca88ca5-69ac-4f14-8f45-273892562d02","2025-11-14T17:24:04.787095+00:00","""MATCH (q:Question)-[:TAGGED]->(t:Tag) RETURN t.name, COUNT(q) AS question_count ORDER BY question_count DESC LIMIT 5""","281.27","complex","What are the top 5 tags with the most questions?","5","buzzoverflow","true"
"6ff36b04-3af0-4d3c-9645-7b1335c67628","2025-11-13T19:49:55.344523+00:00","MATCH (u:User) RETURN count(u) AS total_users","298.26","simple","How many users are registered in the database?","1","buzzoverflow","true"
"8ac3bf69-9c9f-43ed-9493-e23d1477ca75","2025-11-16T18:33:01.512276+00:00","MATCH (u:User) RETURN count(u) AS total_users","298.5","simple","How many users are in the database?","1","buzzoverflow","true"
"05a678b1-768d-4713-a224-efc0c9245ea7","2025-11-14T03:53:12.004990+00:00","""MATCH (u:User)-[:ASKED]->(q:Question) RETURN u.display_name, count(q) AS question_count ORDER BY question_count DESC LIMIT 1""","300.34","medium","Who is the most active user in terms of questions asked?","1","buzzoverflow","true"
"52527fef-5be2-4914-9e56-df7c49f3d763","2025-11-16T18:23:36.766643+00:00","""MATCH (u:User) RETURN u.display_name, u.reputation ORDER BY u.reputation DESC LIMIT 1""","558.65","medium","Find the user with the highest reputation","1","buzzoverflow","true"
"5a89460a-e0fa-46cb-ab27-fd6b9f9ab75c","2025-11-14T17:15:14.861456+00:00","""MATCH (q:Question)-[:TAGGED]->(t:Tag) RETURN t.name, COUNT(q) AS question_count ORDER BY question_count DESC LIMIT 5""","306.35","complex","What are the top 5 most frequently used tags in questions?","5","buzzoverflow","true"
"41a4f6c5-62d3-4625-973e-6046590b2a34","2025-11-16T17:35:04.263848+00:00","""MATCH (u:User) RETURN u.display_name, u.reputation ORDER BY u.reputation DESC LIMIT 3""","300.77","medium","What are the top 3 users with the highest reputation?","3","buzzoverflow","true"
"bf01c587-2839-4a4e-960f-6d95afae1d67","2025-11-16T18:17:05.484077+00:00","""MATCH (q:Question)-[:TAGGED]->(t:Tag) WHERE q.downVotes > q.upVotes RETURN t.name, count(q) as controversial_questions ORDER BY controversial_questions DESC LIMIT 10""","301.43","complex","Find questions with more downvotes than upvotes and list their tags","10","buzzoverflow","true"
"87b7de25-7368-4493-a964-f35a75d5ed69","2025-11-13T19:13:01.796283+00:00","""MATCH (q:Question)-[:TAGGED]->(t:Tag) RETURN t.name, count(q) AS question_count ORDER BY question_count DESC LIMIT 5""","298.92","complex","What are the top 5 most frequently used tags in questions?","5","buzzoverflow","true"
"2b845b11-764e-40f1-a9c1-f9d5c2bbc4d7","2025-11-13T19:18:03.670947+00:00","""MATCH (u:User)-[:ASKED]->(q:Question) RETURN u.display_name, MAX(q.favorites) AS max_favorites ORDER BY max_favorites DESC LIMIT 5""","326.25","medium","Which users have questions with the highest number of favorites?","5","buzzoverflow","true"
"e6d647a6-9111-43f5-96ea-87b584171437","2025-11-14T17:13:31.129764+00:00","""MATCH (q:Question)-[:TAGGED]->(t:Tag) RETURN t.name, count(q) AS tag_count ORDER BY tag_count DESC LIMIT 5""","326","medium","What are the most frequently used tags in questions?","5","buzzoverflow","true"
"777c887a-4614-427e-992e-9e3aa091cf0f","2025-11-13T19:12:42.440780+00:00","MATCH (u:User) RETURN count(u) AS total_users","302.79","simple","How many users are registered in the system?","1","buzzoverflow","true"
"93ae7ce3-f27c-4dc1-a5ce-da4ef7c20394","2025-11-14T17:09:10.235104+00:00","""MATCH (q:Question)-[:TAGGED]->(t:Tag) RETURN t.name, count(q) AS question_count ORDER BY question_count DESC LIMIT 5""","308.49","medium","What are the top 5 most frequently used tags?","5","buzzoverflow","true"
"79fd65b0-0edd-48bd-a2d1-77a623fedb39","2025-11-14T17:10:26.398041+00:00","MATCH (u:User) RETURN count(u) AS total_users","300.21","simple","What is the total count of registered users in the system?","1","buzzoverflow","true"
"10aa7b33-220f-40aa-8c05-73cafa9f5fba","2025-11-14T17:20:24.220363+00:00","""MATCH (u:User)-[:ASKED]->(q:Question) WITH u, sum(q.upVotes) AS total_views ORDER BY total_views DESC LIMIT 5 RETURN u.display_name, total_views""","319.2","complex","Rank users by the total number of views on their questions","5","buzzoverflow","true"
"aec23d2e-29c9-425b-9b7e-34262ef11875","2025-11-16T18:31:48.109018+00:00","""MATCH (q:Question)-[:TAGGED]->(t:Tag) WHERE q.upVotes > 50 WITH t, avg(q.score) as avg_score, count(q) as question_count RETURN t.name, round(avg_score, 2) as average_score, question_count ORDER BY question_count DESC LIMIT 10""","300.34","complex","""Find tags that appear in questions with more than 50 upvotes, and show their average question score""","3","buzzoverflow","true"
"c4c5a5cb-4820-4916-8ddb-7169e8a59f02","2025-11-16T18:15:51.040485+00:00","MATCH (u:User) RETURN count(u) as total_users","257.34","simple","How many users are registered in the database?","1","buzzoverflow","true"
"2366f3d1-feb7-480f-a67b-a71f7d17a000","2025-11-16T17:36:20.963759+00:00","MATCH (t:Tag) RETURN count(t) AS total_tags","264.84","simple","How many tags exist in the database?","1","buzzoverflow","true"
"323e6dd1-1b91-49cd-bfce-ca459f08e0b5","2025-11-14T17:10:02.743872+00:00","MATCH (q:Question) RETURN count(q) AS total_questions","295","simple","How many questions are in the database?","1","buzzoverflow","true"
"4e4454d9-54f5-466c-b1e2-d900abdfc975","2025-11-14T17:26:23.959668+00:00","""MATCH (u:User) RETURN u.display_name, u.reputation ORDER BY u.reputation DESC LIMIT 1""","300.46","medium","Who is the user with the highest reputation?","1","buzzoverflow","true"
"c8900360-1579-4992-9be1-9380c6fe2342","2025-11-16T18:26:35.496333+00:00","""MATCH (u:User)-[:ASKED]->(q1:Question)-[:TAGGED]->(t1:Tag {name: 'neo4j'}), (u)-[:ASKED]->(q2:Question)-[:TAGGED]->(t2:Tag {name: 'graphql'}) RETURN DISTINCT u.display_name""","291.19","multi-hop","Find users who have asked questions in both 'neo4j' and 'graphql' tags","19","buzzoverflow","true"
"ae953b06-21e6-4fc9-8d85-bdb075ed5e61","2025-11-13T19:17:52.408754+00:00","""MATCH (u:User)-[:ASKED]->(q1:Question)-[:TAGGED]->(t1:Tag {name: 'reactjs'}), (u)-[:ASKED]->(q2:Question)-[:TAGGED]->(t2:Tag {name: 'redux'}) RETURN DISTINCT u.display_name LIMIT 10""","302.94","multi-hop","Find users who have asked questions in both React and Redux tags","10","buzzoverflow","true"
"3a10c113-580b-484a-9f56-c7bff13276f7","2025-11-14T17:24:43.702440+00:00","MATCH (q:Question) RETURN count(q) AS total_questions","267.62","simple","Count the number of unique questions stored in the system","1","buzzoverflow","true"
"2abcd851-470f-448a-af7b-d31d5f828289","2025-11-14T04:06:33.384164+00:00","""MATCH (q:Question)-[:TAGGED]->(t:Tag) \nRETURN t.name, count(q) AS question_count \nORDER BY question_count DESC \nLIMIT 10""","313.68","medium","How many questions are there for each tag?","10","buzzoverflow","true"
"96b06271-4c3b-45a4-ad00-c7d67c8b5edd","2025-11-16T18:22:43.357902+00:00","""MATCH (u:User)-[:ASKED]->(q:Question) RETURN u.display_name, SUM(q.upVotes) AS total_upvotes ORDER BY total_upvotes DESC LIMIT 5""","323.19","medium","Who are the top users with the most upvoted questions?","5","buzzoverflow","true"
"1faf759b-fc16-4011-8b5a-7302791bd7d7","2025-11-14T17:14:04.616768+00:00","""MATCH (u:User)-[:ASKED]->(q:Question) RETURN u.display_name, count(q) AS questions_asked ORDER BY questions_asked DESC LIMIT 5""","304.41","medium","Which users have asked the most questions?","5","buzzoverflow","true"
"3b1cb3f0-646a-4649-99c4-eb0685db9e2c","2025-11-14T16:53:47.785114+00:00","""MATCH (u:User)-[:ASKED]->(q:Question) RETURN u.display_name, COUNT(q) AS questions_asked ORDER BY questions_asked DESC LIMIT 1""","319.39","medium","Which user has asked the most questions?","1","buzzoverflow","true"
"0ab72cdf-4aad-497e-aa5e-e4dc10082932","2025-11-16T18:19:41.264728+00:00","MATCH (q:Question) RETURN count(q) AS total_questions","258.66","simple","How many questions have been asked?","1","buzzoverflow","true"
"a9c1776c-8c0c-41b0-bbcd-c2ce6c6023ac","2025-11-16T18:13:58.608513+00:00","""MATCH (q:Question)-[:TAGGED]->(t:Tag) WHERE q.upVotes > 100 RETURN t.name, COUNT(q) AS tag_count ORDER BY tag_count DESC LIMIT 5""","299.46","complex","What are the top 5 most frequently used tags on questions with more than 100 upvotes?","0","buzzoverflow","true"
"97b43736-e25c-433a-97be-0f4bbf1928ee","2025-11-14T17:12:49.653493+00:00","MATCH (u:User) RETURN count(u) AS total_users","298.36","simple","How many users are registered in the database?","1","buzzoverflow","true"
"aa6843b3-9b2a-48e6-82d9-004912ace4e2","2025-11-14T17:22:20.545113+00:00","MATCH (q:Question) RETURN count(q) AS total_questions","296.91","simple","Count the number of questions across all topics","1","buzzoverflow","true"
"08b7a0af-fbbf-42df-8deb-2d95cec5bc34","2025-11-14T17:08:44.402126+00:00","""MATCH (u:User)-[:ASKED]->(q1:Question)-[:TAGGED]->(t1:Tag {name: 'java'}), (u)-[:ASKED]->(q2:Question)-[:TAGGED]->(t2:Tag {name: 'spring'}) RETURN DISTINCT u.display_name LIMIT 10""","297.64","multi-hop","Find users who asked questions with both 'java' and 'spring' tags","4","buzzoverflow","true"
"cfc46f6d-1e5c-4aca-a468-2d611072a958","2025-11-16T18:33:55.784088+00:00","MATCH (q:Question) RETURN count(q) AS total_questions","257.62","simple","How many total questions have been asked?","1","buzzoverflow","true"
"48a92579-b3b9-468a-a755-c79270ed1913","2025-11-16T18:26:22.825012+00:00","""MATCH (q:Question)-[:TAGGED]->(t:Tag) RETURN t.name, sum(q.score) AS total_score ORDER BY total_score DESC LIMIT 3""","349.24","complex","What are the top 3 tags with the highest cumulative question scores?","3","buzzoverflow","true"
"48fe6717-bf40-46c0-aeb6-c14f27960ab1","2025-11-14T04:05:45.627428+00:00","""MATCH (u:User) RETURN u.display_name, u.reputation ORDER BY u.reputation DESC LIMIT 5""","302.86","medium","Who are the top 5 users with the highest reputation?","5","buzzoverflow","true"
"6224d634-5f8a-4808-98ca-042faac3cf8a","2025-11-16T18:30:55.139361+00:00","MATCH (q:Question) RETURN count(q) as total_questions","307.82","simple","How many questions are in the database?","1","buzzoverflow","true"
"ff5a274c-393c-4f00-8985-9761293273f2","2025-11-14T17:25:28.695373+00:00","""MATCH (q:Question)-[:TAGGED]->(t:Tag) RETURN t.name, COUNT(q) AS question_count ORDER BY question_count DESC LIMIT 10""","305.72","medium","How many questions are associated with each tag?","10","buzzoverflow","true"
"fc98adb3-280f-4776-92f1-ce6501bde298","2025-11-13T19:50:34.924047+00:00","""MATCH (q:Question)-[:TAGGED]->(t:Tag) WHERE q.score > 10 WITH q, count(DISTINCT t) AS tag_count WHERE tag_count > 2 RETURN q.title, q.score, tag_count ORDER BY q.score DESC LIMIT 5""","346.11","complex","Find questions with a score above 10 that are tagged with more than two tags","5","buzzoverflow","true"
"49c44207-e8cb-452e-8b8b-17319f0a2f75","2025-11-14T17:09:39.699440+00:00","""MATCH (u:User)-[:ASKED]->(q1:Question)-[:TAGGED]->(t1:Tag), (u)-[:ASKED]->(q2:Question)-[:TAGGED]->(t2:Tag) WHERE t1.name <> t2.name AND t1.name STARTS WITH 'python|java|javascript|c++' AND t2.name STARTS WITH 'python|java|javascript|c++' RETURN DISTINCT u.display_name LIMIT 10""","407.14","multi-hop","Find users who asked questions in multiple programming language tags","0","buzzoverflow","true"
"af5be8fa-9861-4a80-aa11-c975a7626810","2025-11-14T17:17:39.134466+00:00","""MATCH (u:User)-[:ASKED]->(q1:Question)-[:TAGGED]->(t1:Tag {name: 'java'}), (u)-[:ASKED]->(q2:Question)-[:TAGGED]->(t2:Tag {name: 'spring'}) RETURN DISTINCT u.display_name LIMIT 10""","340.51","multi-hop","Identify developers who have posted questions related to both Java and Spring frameworks","4","buzzoverflow","true"
"a897e2aa-3237-41c4-a79d-bc3bbad95102","2025-11-16T18:14:30.350178+00:00","""MATCH (u:User)-[:ASKED]->(q:Question) RETURN u.display_name, SUM(q.favorites) AS total_favorites ORDER BY total_favorites DESC LIMIT 5""","322.14","medium","Which users have the most favorited questions?","5","buzzoverflow","true"
"9f286176-d605-46db-8aea-0975d433c9b7","2025-11-16T17:18:38.030022+00:00","""MATCH (q:Question)-[:TAGGED]->(t:Tag) RETURN t.name, count(q) AS tag_count ORDER BY tag_count DESC LIMIT 5""","293.86","complex","What are the top 5 most popular tags among questions?","5","buzzoverflow","true"
"15890a86-7a8c-470d-9815-5430ca17c2b6","2025-11-14T17:16:05.142323+00:00","""MATCH (q:Question)-[:TAGGED]->(t:Tag) WITH q, COUNT(t) AS tag_count WHERE tag_count > 2 RETURN COUNT(DISTINCT q) AS multi_tagged_questions""","329.64","complex","How many questions have more than two tags?","1","buzzoverflow","true"
"ed006eac-0215-4487-8f5e-b091c5bed6dd","2025-11-13T19:50:14.581761+00:00","""MATCH (u:User)-[:ASKED]->(q:Question) RETURN u.display_name, count(q) AS question_count ORDER BY question_count DESC LIMIT 1""","340.93","medium","Who is the user that asked the most questions?","1","buzzoverflow","true"
"87a42ccc-5308-44af-a0b1-b27bfe50cd7f","2025-11-13T19:13:23.504880+00:00","MATCH (q:Question) RETURN count(q) AS total_questions","298.25","simple","How many total questions exist in the database?","1","buzzoverflow","true"
"c277ace5-6cdb-46b8-a6af-b223d2b50eee","2025-11-14T17:25:46.069027+00:00","""MATCH (u:User)-[:ASKED]->(q:Question) WHERE u.reputation > 10000 AND q.upVotes > 10 RETURN u.display_name, u.reputation, q.title, q.upVotes ORDER BY q.upVotes DESC LIMIT 5""","295.61","complex","""Find users with reputation over 10,000 who have asked highly upvoted questions""","5","buzzoverflow","true"
"bcde8a33-17fc-4c32-93c4-73087dcd649f","2025-11-16T18:22:20.816228+00:00","MATCH (u:User)-[:ASKED]->(q:Question)<-[:ANSWERED]-(a:Answer) WHERE u = a.user RETURN DISTINCT u.display_name LIMIT 10","286.16","multi-hop","Find users who have answered their own questions","0","buzzoverflow","true"
"26252ffc-d69c-43a7-91aa-4135e69df2a8","2025-11-13T19:51:48.690359+00:00","""MATCH (u:User) WITH CASE WHEN u.reputation < 100 THEN 'Low' WHEN u.reputation >= 100 AND u.reputation < 500 THEN 'Medium' WHEN u.reputation >= 500 AND u.reputation < 1000 THEN 'High' ELSE 'Very High' END AS reputation_range RETURN reputation_range, COUNT(*) AS user_count ORDER BY user_count DESC""","292.59","complex","Group users by reputation ranges and count the number of users in each range","4","buzzoverflow","true"
"5f896a08-4e70-4887-9014-2d15d0d63dfc","2025-11-13T19:13:33.333852+00:00","""MATCH (u:User)-[:ASKED]->(q:Question) RETURN u.display_name, count(q) AS question_count ORDER BY question_count DESC LIMIT 3""","326.28","medium","Which top 3 users have asked the most questions?","3","buzzoverflow","true"
"337cfc70-910a-4284-88e9-66c2ea8b5dea","2025-11-13T19:12:52.476194+00:00","""MATCH (u:User) RETURN u.display_name, u.reputation ORDER BY u.reputation DESC LIMIT 1""","302.71","medium","Who is the user with the highest reputation?","1","buzzoverflow","true"
"13d755be-d431-4e43-a926-bcf3f1697013","2025-11-14T17:17:48.759584+00:00","MATCH (q:Question) RETURN count(q) AS total_questions","305.1","simple","How many questions have been asked in total?","1","buzzoverflow","true"
"02d0d77e-f7ee-48e5-ad89-fb72fabdd583","2025-11-14T17:18:10.678038+00:00","""MATCH (q:Question)-[:TAGGED]->(t:Tag) WHERE q.score > 50 WITH q, COLLECT(t.name) AS tags WHERE SIZE(tags) > 1 RETURN q.title, q.score, tags ORDER BY q.score DESC LIMIT 5""","771.63","complex","Find questions with high scores that have multiple tags","1","buzzoverflow","true"
"d6c9364d-b416-463b-86c7-0d515dd9cd3b","2025-11-16T18:16:54.205912+00:00","""MATCH (u:User)-[:ASKED]->(q:Question) RETURN u.display_name, count(q) AS questions_asked ORDER BY questions_asked DESC LIMIT 5""","280.02","medium","What are the top 5 users with the most questions asked?","5","buzzoverflow","true"
"4f7a4195-2dd0-496e-86cd-d84be26f77ca","2025-11-14T17:19:14.070712+00:00","MATCH (u:User) RETURN count(u) AS total_users","267.31","simple","What is the total number of registered users?","1","buzzoverflow","true"
"d5bca660-6e28-4104-9eac-13712e96befd","2025-11-16T18:14:41.511681+00:00","""MATCH (q:Question)-[:TAGGED]->(t:Tag) WHERE q.score > 10 RETURN t.name, COUNT(q) AS high_scored_questions ORDER BY high_scored_questions DESC LIMIT 3""","294.34","complex","What are the top 3 tags with the most questions scored above 10?","3","buzzoverflow","true"
"2cd585cd-3a92-45a7-8004-e717d048775e","2025-11-16T18:17:43.446747+00:00","MATCH (q:Question)-[:TAGGED]->(t:Tag {name: 'javascript'}) RETURN count(q) as javascript_questions","290.39","simple","How many questions are tagged with 'javascript'?","1","buzzoverflow","true"
"fea18ef0-cd3f-4c4d-a449-c5688596bc46","2025-11-16T18:32:40.769925+00:00","""MATCH (q:Question) WHERE q.upVotes > 20 RETURN q.title, q.upVotes, q.favorites, (q.upVotes + q.favorites) as total_engagement ORDER BY total_engagement DESC LIMIT 10""","303.68","complex","""Find questions with more than 20 upvotes, sorted by total engagement (upvotes + favorites)""","10","buzzoverflow","true"
"73c13b8b-66e2-478d-bf86-fe3d62cdcaa5","2025-11-14T17:22:31.138271+00:00","""MATCH (q:Question) RETURN q.title, q.favorites ORDER BY q.favorites DESC LIMIT 3""","298.85","medium","What are the top 3 most favorited questions?","3","buzzoverflow","true"
"390f1904-c7ab-4ea5-b721-4232751c952e","2025-11-14T17:28:59.564422+00:00","""MATCH (q:Question)-[:TAGGED]->(t:Tag) RETURN t.name, SUM(q.score) AS total_score ORDER BY total_score DESC LIMIT 5""","335.21","complex","What are the top 5 tags with the highest total question scores?","5","buzzoverflow","true"
"3c2ad15a-6129-408c-8536-e2a028088d67","2025-11-14T17:17:58.707441+00:00","""MATCH (q:Question)-[:TAGGED]->(t:Tag) RETURN t.name, COUNT(q) AS question_count ORDER BY question_count DESC LIMIT 5""","299.52","medium","What are the most frequently used tags in questions?","5","buzzoverflow","true"
"27617f1a-40f6-4487-be9c-6aa030cf730f","2025-11-16T18:19:01.901721+00:00","MATCH (u:User) RETURN count(u) AS total_users","258.64","simple","How many users are registered in the database?","1","buzzoverflow","true"
"67b32507-d70d-49f4-ad07-34842d05326b","2025-11-16T18:19:21.546487+00:00","""MATCH (q:Question)-[:TAGGED]->(t:Tag) WHERE q.upVotes > 100 AND t.name IN ['python', 'java', 'javascript', 'c++', 'c#'] RETURN t.name, count(q) AS high_vote_questions ORDER BY high_vote_questions DESC""","306.16","complex","How many questions have more than 100 upvotes and are tagged with popular programming languages?","0","buzzoverflow","true"
"c9b4495e-7f80-4712-8ca9-671e83dd9071","2025-11-14T04:07:25.544987+00:00","""MATCH (q:Question)-[:TAGGED]->(t:Tag)\nWITH t.name AS tag_name, avg(q.score) AS avg_score\nORDER BY avg_score DESC\nLIMIT 5\nRETURN tag_name, avg_score""","347.23","complex","What are the top 5 tags with the highest average question scores?","5","buzzoverflow","true"
"6b1ededc-700b-43b0-aad0-c167e690e050","2025-11-16T18:29:54.931560+00:00","""MATCH (u:User)-[:ASKED]->(q:Question) WITH u, COUNT(q) AS questions_asked WHERE questions_asked > 0 RETURN u.display_name, questions_asked ORDER BY questions_asked DESC LIMIT 10""","301.72","multi-hop","List top 10 users by number of questions asked","10","buzzoverflow","true"
"8477e41b-771b-43dc-b1e7-1690be3eca98","2025-11-16T18:16:18.687838+00:00","""MATCH (q:Question)-[:TAGGED]->(t:Tag) WHERE q.upVotes > 10 RETURN t.name, count(q) AS tag_count ORDER BY tag_count DESC LIMIT 5""","298.49","complex","Which 5 tags appear most on highly upvoted questions?","5","buzzoverflow","true"
"0aff36b5-1277-4657-a47f-70845844bb45","2025-11-13T19:13:44.420341+00:00","""MATCH (q:Question) RETURN q.title, q.upVotes ORDER BY q.upVotes DESC LIMIT 5""","282.3","complex","What are the top 5 questions with the highest upvotes?","5","buzzoverflow","true"
"b966ecb0-8346-4338-9897-12925d8b2a35","2025-11-14T17:09:26.602237+00:00","""MATCH (q:Question) RETURN q.title, q.score ORDER BY q.score DESC LIMIT 5""","301.86","complex","Find the top 5 highest-scored questions","5","buzzoverflow","true"
"8b58e334-8c08-492d-a7d4-c0a2b7bc42ca","2025-11-16T18:27:49.185418+00:00","""MATCH (q:Question)-[:TAGGED]->(t1:Tag), (q)-[:TAGGED]->(t2:Tag) WHERE t1 <> t2 WITH t1.name AS tag1, t2.name AS tag2, count(DISTINCT q) AS co_occurrence ORDER BY co_occurrence DESC LIMIT 5 RETURN tag1, tag2, co_occurrence""","543.67","complex","What are the most frequently co-occurring tags in questions?","5","buzzoverflow","true"
"d7ab49d4-c10a-4dda-8f57-ce4b7ae5d0c6","2025-11-14T17:19:22.892971+00:00","""MATCH (u:User) RETURN u.display_name, u.reputation ORDER BY u.reputation DESC LIMIT 1""","284.34","medium","Who is the user with the highest reputation?","1","buzzoverflow","true"
"9448e785-eff7-4438-a105-9ea11566bdac","2025-11-16T18:18:18.879887+00:00","""MATCH (u:User) RETURN u.display_name, u.reputation ORDER BY u.reputation DESC LIMIT 1""","268.91","medium","Which user has the highest reputation?","1","buzzoverflow","true"
"139a6ce0-c71e-4d2d-9bd9-b6ab5988aa66","2025-11-16T17:18:15.252589+00:00","MATCH (u:User) RETURN count(u) as total_users","255.1","simple","How many users are registered in the database?","1","buzzoverflow","true"
"6cfab03e-fc32-4976-bad8-44b18987914b","2025-11-14T17:21:24.324768+00:00","MATCH (u:User) RETURN count(u) AS total_users","299.88","simple","How many users are registered in the buzzoverflow database?","1","buzzoverflow","true"
"74f24de2-c298-4e4a-85ec-9d81e77e93d7","2025-11-16T18:22:31.330390+00:00","MATCH (q:Question) RETURN count(q) AS total_questions","258.2","simple","How many questions are in the database?","1","buzzoverflow","true"
"7f31d2f1-0d8f-4cf8-a359-aa28a8161214","2025-11-16T18:13:36.712819+00:00","MATCH (u:User) RETURN count(u) AS total_users","300.25","simple","How many total users are in the database?","1","buzzoverflow","true"
"403bc81d-0038-4183-86da-c5a8ac8a7384","2025-11-14T17:12:26.451216+00:00","""MATCH (q:Question)-[:TAGGED]->(t:Tag) WITH t.name AS tag, AVG(q.score) AS avg_score, STDEV(q.score) AS score_variation RETURN tag, avg_score, score_variation ORDER BY score_variation DESC LIMIT 5""","404.47","complex","What are the most controversial tags with high variation in question scores?","5","buzzoverflow","true"
"a76e5233-e886-4a16-9e38-8db4d776776c","2025-11-16T17:19:08.554190+00:00","MATCH (u:User)-[:ASKED]->(q:Question) RETURN avg(u.reputation) as avg_reputation","283.64","medium","What is the average reputation of users who have asked at least one question?","1","buzzoverflow","true"
"bc5ac527-fc86-46b2-8329-d037f30e33c8","2025-11-14T17:08:33.142773+00:00","""MATCH (q:Question) WHERE q.upVotes > 100 AND q.answered = true RETURN q.title, q.upVotes ORDER BY q.upVotes DESC LIMIT 5""","304.92","complex","Find questions with more than 100 upvotes that have been answered","0","buzzoverflow","true"
"b301ff54-ff93-41df-ab9b-8ff487c473cb","2025-11-16T18:14:19.803412+00:00","MATCH (q:Question) WHERE q.answered = true RETURN count(q) AS answered_questions","302.42","simple","How many questions have been marked as answered?","1","buzzoverflow","true"
"01f09035-7efe-4ee8-b6e6-f3ddfe2d554f","2025-11-16T18:21:53.544911+00:00","""MATCH (q:Question) RETURN q.title, q.favorites ORDER BY q.favorites DESC LIMIT 5""","352.64","medium","Which questions have the most favorites?","5","buzzoverflow","true"
"defc7769-aee1-4158-9393-0facc81a769a","2025-11-14T17:11:03.395339+00:00","""MATCH (u:User)-[:ASKED]->(q1:Question)-[:TAGGED]->(t1:Tag {name: 'javascript'}), (u)-[:ASKED]->(q2:Question)-[:TAGGED]->(t2:Tag {name: 'python'}) RETURN DISTINCT u.display_name LIMIT 10""","293.83","multi-hop","Which developers have asked questions across JavaScript and Python domains?","10","buzzoverflow","true"
"2318b2db-f1f9-4190-badf-0d74f40d26c6","2025-11-14T17:15:04.519283+00:00","""MATCH (u:User) RETURN u.display_name, u.reputation ORDER BY u.reputation DESC LIMIT 1""","301.73","medium","Who is the user with the highest reputation?","1","buzzoverflow","true"
"5aab958b-8cfb-4436-962d-c673da304b5e","2025-11-14T17:20:13.160857+00:00","""MATCH (q:Question) RETURN q.title, q.score ORDER BY q.score DESC LIMIT 3""","282.72","medium","List the top 3 questions with the highest scores","3","buzzoverflow","true"
"9465ee22-b48e-4019-8d30-d1e32f32ec9f","2025-11-16T17:19:46.250671+00:00","MATCH (u:User)-[:ASKED]->(q:Question) WHERE u.reputation > 10000 RETURN count(q) as high_rep_questions","299.22","medium","""What is the total number of questions asked by users with reputation over 10,000?""","1","buzzoverflow","true"
"38d6d9d6-bfd7-4a69-bae8-749b30e3a66d","2025-11-16T18:20:23.020754+00:00","MATCH (u:User)-[:ASKED]->(q:Question) RETURN avg(u.reputation) AS average_user_reputation","301.19","medium","What is the average reputation of users who have asked questions?","1","buzzoverflow","true"
"8c14b270-5bea-4150-92d6-9e4fb859d6de","2025-11-16T18:29:16.530260+00:00","""MATCH (u:User)-[:ASKED]->(q:Question) RETURN u.display_name, COUNT(q) AS question_count ORDER BY question_count DESC LIMIT 1""","310.94","medium","Who has asked the most questions?","1","buzzoverflow","true"
"cbb1b3e2-db29-4bde-ad36-b66238f4a43b","2025-11-16T18:32:04.162627+00:00","""MATCH (u:User)-[:ASKED]->(q1:Question)-[:TAGGED]->(t1:Tag {name: 'javascript'}), (u)-[:ASKED]->(q2:Question)-[:TAGGED]->(t2:Tag {name: 'typescript'}) RETURN DISTINCT u.display_name LIMIT 10""","267.35","multi-hop","Who are the users that have posted questions across both JavaScript and TypeScript domains?","10","buzzoverflow","true"
"2fa22ee8-54f1-4866-b006-baf7169686e7","2025-11-14T17:16:17.225680+00:00","""MATCH (u:User)-[:ASKED]->(q1:Question)-[:TAGGED]->(t1:Tag {name: 'graphql'}), (u)-[:ASKED]->(q2:Question)-[:TAGGED]->(t2:Tag {name: 'typescript'}) RETURN DISTINCT u.display_name LIMIT 10""","301.85","multi-hop","Find users who have asked questions in both 'graphql' and 'typescript' tags","10","buzzoverflow","true"
"aed43c38-45ba-477a-93c0-b92d761b43aa","2025-11-13T19:17:30.832518+00:00","""MATCH (u:User)-[:ASKED]->(q:Question)-[:TAGGED]->(t:Tag {name: 'graphql'}) RETURN u.display_name, COUNT(q) AS question_count ORDER BY question_count DESC LIMIT 5""","325.25","complex","Who are the most active users in the GraphQL tag?","5","buzzoverflow","true"
"9c6963bb-820a-4e2d-b88d-a47956266931","2025-11-14T17:30:11.851853+00:00","""MATCH (u:User)-[:ASKED]->(q:Question)-[:TAGGED]->(t:Tag {name: 'graphql'}) RETURN u.display_name, u.reputation ORDER BY u.reputation DESC LIMIT 5""","404.02","multi-hop","Find top users with high reputation who have asked questions in the GraphQL tag","5","buzzoverflow","true"
"f0d6d628-bd25-400e-8ac7-5ee93129966a","2025-11-16T18:14:58.306136+00:00","""MATCH (u:User)-[:ASKED]->(q1:Question)-[:TAGGED]->(t1:Tag), (u)-[:ASKED]->(q2:Question)-[:TAGGED]->(t2:Tag) WHERE t1 <> t2 RETURN DISTINCT u.display_name LIMIT 10""","399.62","multi-hop","Identify users who have asked questions across different programming domains","10","buzzoverflow","true"
"2483fad0-b77b-4e8c-8ae4-71cd3dc4a3aa","2025-11-14T17:21:33.536008+00:00","""MATCH (u:User) RETURN u.display_name, u.reputation ORDER BY u.reputation DESC LIMIT 1""","300.44","medium","Who is the user with the highest reputation?","1","buzzoverflow","true"
"72f64de6-1e9f-4631-9db6-2907e0836d1e","2025-11-16T18:33:46.251263+00:00","""MATCH (u:User)-[:ASKED]->(q:Question) RETURN u.display_name, count(q) AS questions_asked ORDER BY questions_asked DESC LIMIT 10""","780","medium","How many questions has each user asked?","10","buzzoverflow","true"
"46ea3dc7-43cd-474b-bb8c-df2551a65924","2025-11-14T17:27:05.220797+00:00","""MATCH (q:Question) RETURN q.title, q.favorites ORDER BY q.favorites DESC LIMIT 3""","276.57","medium","What are the top 3 most favorited questions?","3","buzzoverflow","true"
"fad5514e-63dd-407b-b853-b1bced997f1a","2025-11-14T17:23:09.490154+00:00","MATCH (u:User) WHERE u.reputation > 10000 RETURN count(u) AS high_rep_users","272.56","medium","""How many users have a reputation above 10,000?""","1","buzzoverflow","true"
"3cfc9b03-f9d6-4d2d-906e-7676148c5f18","2025-11-14T17:27:47.378624+00:00","""MATCH (u:User)-[:ASKED]->(q:Question)-[:TAGGED]->(t:Tag) WHERE t.name IN ['graphql', 'reactjs'] WITH u, COLLECT(DISTINCT t.name) AS tags WHERE SIZE(tags) > 1 RETURN u.display_name, tags""","1022.83","multi-hop","Which developers show expertise across GraphQL and React technologies?","1370","buzzoverflow","true"
"895d3c44-d5cb-4827-91ef-1b5361d3e946","2025-11-14T17:19:37.160625+00:00","""MATCH (q:Question)-[:TAGGED]->(t:Tag) WITH t.name AS tag, count(q) AS question_count ORDER BY question_count DESC LIMIT 5 RETURN tag, question_count""","327.47","complex","What are the top 5 most frequently used tags in questions?","5","buzzoverflow","true"
"0f2c2f3f-941c-4bd6-a85e-ad364b6b8151","2025-11-16T18:20:59.247870+00:00","MATCH (u:User) RETURN count(u) AS total_users","258.19","simple","What is the total number of registered users?","1","buzzoverflow","true"
"2833cf63-eb4f-4a12-ade6-69c0861e4b9a","2025-11-16T18:31:04.772425+00:00","""MATCH (u:User)-[:ASKED]->(q:Question) RETURN u.display_name, count(q) as question_count ORDER BY question_count DESC LIMIT 1""","280.06","medium","Who is the user that has asked the most questions?","1","buzzoverflow","true"
"56cadada-83ea-48c8-b612-0381511f64fb","2025-11-14T16:54:30.790781+00:00","MATCH (u:User) WHERE u.reputation > 10000 RETURN count(u) AS high_rep_users","301.59","medium","""How many users have a reputation above 10,000?""","1","buzzoverflow","true"
"b0e21013-f8b3-4361-9a25-0b50f003be75","2025-11-16T18:28:28.095353+00:00","""MATCH (q:Question)-[:TAGGED]->(t:Tag) RETURN t.name, COUNT(q) AS question_count ORDER BY question_count DESC LIMIT 5""","273.05","complex","What are the top 5 tags with the most questions?","5","buzzoverflow","true"
"864a7cb7-b29b-4262-abc4-441dd50bd1ef","2025-11-14T17:28:02.566152+00:00","""MATCH (q:Question)-[:TAGGED]->(t:Tag) RETURN t.name, COUNT(q) AS tag_count ORDER BY tag_count DESC LIMIT 5""","301.52","complex","What are the most trending tags in the last year?","5","buzzoverflow","true"
"534f9b98-0b72-4688-b217-b605b017c32a","2025-11-16T18:34:37.558932+00:00","""MATCH (u:User)-[:ASKED]->(q:Question) RETURN u.display_name, sum(q.favorites) AS total_favorites ORDER BY total_favorites DESC LIMIT 3""","325.68","medium","What are the top 3 users with the most favorited questions?","3","buzzoverflow","true"
"79d17dd4-4b14-4c73-8207-af0b2587fa1e","2025-11-16T18:20:12.236565+00:00","""MATCH (u:User)-[:ASKED]->(q:Question) WHERE u.reputation > 100000 AND q.score > 50 RETURN DISTINCT u.display_name, u.reputation, q.score LIMIT 5""","294.77","multi-hop","Find users who have asked questions with both high reputation and high-scoring questions","0","buzzoverflow","true"
"d3bdfa7d-8e16-442b-9d3f-cf2bdddf9747","2025-11-14T17:13:09.523735+00:00","MATCH (q:Question) WHERE q.upVotes > 100 AND q.answered = true RETURN count(q) AS highly_voted_answered_questions","708.75","complex","How many questions have more than 100 upvotes and are marked as answered?","1","buzzoverflow","true"
"36716590-b308-4ef2-b4ed-ece30b60da30","2025-11-14T17:29:37.442786+00:00","MATCH (q:Question) RETURN count(q) AS total_questions","268.91","simple","What is the total count of questions in the buzzoverflow system?","1","buzzoverflow","true"
"8c2f916c-2db2-49b5-9289-000ec9c560ed","2025-11-14T04:07:01.270501+00:00","""MATCH (u:User)-[:ASKED]->(q1:Question)-[:TAGGED]->(t1:Tag {name: 'graphql'}),\n(u)-[:ASKED]->(q2:Question)-[:TAGGED]->(t2:Tag {name: 'reactjs'})\nRETURN DISTINCT u.display_name LIMIT 10""","302.55","multi-hop","Find developers active in both GraphQL and React technology domains","10","buzzoverflow","true"
"53a78fe3-739b-4440-83ef-25084f31e779","2025-11-14T16:53:25.166233+00:00","""MATCH (u:User)-[:ASKED]->(q1:Question)-[:TAGGED]->(t1:Tag {name: 'javascript'}), (u)-[:ASKED]->(q2:Question)-[:TAGGED]->(t2:Tag {name: 'python'}) RETURN DISTINCT u.display_name LIMIT 10""","304.55","multi-hop","Who are the developers experienced in both JavaScript and Python based on their asked questions?","10","buzzoverflow","true"
"45e6d5cd-d2d1-4111-9ffe-c5573d53bc22","2025-11-16T17:35:33.422633+00:00","MATCH (q:Question) RETURN count(q) AS total_questions","265.2","simple","How many questions are in the database?","1","buzzoverflow","true"
"a0bbc6db-734e-42bc-b4cb-1b3e591f26a6","2025-11-16T18:24:19.824140+00:00","MATCH (q:Question) RETURN count(q) AS total_questions","277.34","simple","Count all questions in the system","1","buzzoverflow","true"
"0ade4107-1284-4c6e-be34-aaeb3b33e5a5","2025-11-16T18:19:32.214965+00:00","""MATCH (u:User)-[:ASKED]->(q1:Question)-[:TAGGED]->(t1:Tag {name: 'python'}), (u)-[:ASKED]->(q2:Question)-[:TAGGED]->(t2:Tag {name: 'java'}) RETURN DISTINCT u.display_name LIMIT 10""","266.38","multi-hop","Find users who have asked questions in Python and Java tags","0","buzzoverflow","true"
"ad68b32b-8097-47e2-bc78-4198f669c6bc","2025-11-14T16:53:11.320156+00:00","""MATCH (q:Question)-[:TAGGED]->(t:Tag) RETURN t.name, COUNT(q) AS question_count ORDER BY question_count DESC LIMIT 5""","307.69","complex","What are the top 5 most frequently used tags across all questions?","5","buzzoverflow","true"
"95d3cfcf-61c2-46ee-a470-d9d0d1f64a14","2025-11-14T17:18:22.562811+00:00","""MATCH (u:User)-[:ASKED]->(q1:Question)-[:TAGGED]->(t1:Tag), (u)-[:ASKED]->(q2:Question)-[:TAGGED]->(t2:Tag) WHERE t1.name <> t2.name RETURN DISTINCT u.display_name, COLLECT(DISTINCT t1.name) AS domains LIMIT 10""","815.54","multi-hop","Find users who have asked questions across multiple technology domains","10","buzzoverflow","true"
"52197424-78ff-40a3-87ac-e312b9abe457","2025-11-13T19:16:36.396784+00:00","MATCH (u:User) RETURN count(u) AS total_users","306.96","simple","How many total users are registered on BuzzOverflow?","1","buzzoverflow","true"
"c5f55faf-7c8d-47d1-a8f8-5ee0e3281244","2025-11-16T18:17:21.209455+00:00","""MATCH (u:User)-[:ASKED]->(q1:Question)-[:TAGGED]->(t1:Tag {name: 'graphql'}), (u)-[:ASKED]->(q2:Question)-[:TAGGED]->(t2:Tag {name: 'apollo'}) RETURN DISTINCT u.display_name LIMIT 10""","272.5","multi-hop","Identify developers active in both GraphQL and Apollo technologies","10","buzzoverflow","true"
"8c583def-239f-4f31-a254-f7ece23e574e","2025-11-13T19:52:47.297130+00:00","""MATCH (u:User) RETURN u.display_name, u.reputation ORDER BY u.reputation DESC LIMIT 5""","358.19","medium","What are the top 5 users with the highest reputation?","5","buzzoverflow","true"
"9aa6b602-0a6d-48ea-b3ab-2e4a92fd7d1e","2025-11-14T17:08:22.909673+00:00","""MATCH (u:User) RETURN u.display_name, u.reputation ORDER BY u.reputation DESC LIMIT 3""","305.98","medium","What are the top 3 users with the highest reputation?","3","buzzoverflow","true"
"e7804e94-b325-4ff9-a26c-c0dc5d2702c5","2025-11-14T17:23:46.040385+00:00","MATCH (u:User) RETURN count(u) AS total_users","269.35","simple","How many users are registered in the database?","1","buzzoverflow","true"
"22922c03-cd44-43c9-b7f9-f6e2e120f2f5","2025-11-13T19:18:15.821063+00:00","""MATCH (q:Question)-[:TAGGED]->(t:Tag) WITH t.name AS tag, AVG(q.score) AS avg_score WHERE avg_score > 20 RETURN tag, ROUND(avg_score, 2) AS avg_score ORDER BY avg_score DESC LIMIT 5""","350.6","complex","What tags have questions with an average score higher than 20?","1","buzzoverflow","true"
"8669e6ca-f137-46cf-9879-9cd848331b51","2025-11-13T19:51:18.685702+00:00","""MATCH (q:Question) RETURN q.title, q.favorites ORDER BY q.favorites DESC LIMIT 5""","302.98","medium","What are the top 5 questions with the most favorites?","5","buzzoverflow","true"
"da26fe46-266e-42a6-808c-09b543efef6f","2025-11-16T17:19:56.944918+00:00","MATCH (q:Question) WHERE q.answered = true RETURN count(q) as answered_questions","264.37","simple","How many questions have been marked as answered?","1","buzzoverflow","true"
"586b3d0a-4cfb-4500-a6b6-16c489c25467","2025-11-16T18:18:42.772614+00:00","""MATCH (u:User)-[:ASKED]->(q1:Question)-[:TAGGED]->(t1:Tag {name: 'javascript'}), (u)-[:ASKED]->(q2:Question)-[:TAGGED]->(t2:Tag {name: 'python'}) RETURN DISTINCT u.display_name""","282.72","multi-hop","Identify users with questions across 'javascript' and 'python' tags","12","buzzoverflow","true"
"567880bf-9717-4a64-90c3-a8095cdf4fa7","2025-11-13T19:50:24.105984+00:00","""MATCH (q:Question)-[:TAGGED]->(t:Tag) RETURN t.name, count(q) AS question_count ORDER BY question_count DESC LIMIT 5""","306.54","medium","What are the top 5 tags with the most questions?","5","buzzoverflow","true"
"74359946-7490-4b05-b6b8-2c7c636b7b27","2025-11-14T17:28:40.248900+00:00","MATCH (u:User) RETURN count(u) AS total_users","267.29","simple","How many unique users exist in the buzzoverflow database?","1","buzzoverflow","true"
"cb764cd2-c2ee-475c-a600-69d21e59a426","2025-11-14T17:14:55.406558+00:00","MATCH (u:User) RETURN count(u) AS total_users","297.98","simple","How many users are registered in the database?","1","buzzoverflow","true"
"049c6294-a03b-4ed0-8396-23dc81faf4d1","2025-11-16T18:20:34.970300+00:00","""MATCH (q:Question)-[:TAGGED]->(t1:Tag), (q)-[:TAGGED]->(t2:Tag) WHERE t1 <> t2 RETURN t1.name, t2.name, count(DISTINCT q) AS combination_count ORDER BY combination_count DESC LIMIT 5""","550.78","complex","What are the most common tag combinations for questions?","5","buzzoverflow","true"
"541c60a3-29a7-43b1-ad83-afa20f69681b","2025-11-14T16:53:37.859005+00:00","MATCH (q:Question) RETURN count(q) AS total_questions","265.21","simple","What is the total number of questions posted on this platform?","1","buzzoverflow","true"
"a058a1d7-3fd0-4d1d-af66-73f896bbb012","2025-11-16T18:29:31.067497+00:00","""MATCH (q:Question) RETURN q.title, q.score ORDER BY q.score DESC LIMIT 5""","295.7","complex","Find top 5 questions with the highest scores","5","buzzoverflow","true"
"ca2ca5dd-0ee0-4487-abd5-7925928d7a18","2025-11-14T17:27:31.329980+00:00","MATCH (q:Question) RETURN count(q) AS total_questions","268.7","simple","What is the total count of questions in the system?","1","buzzoverflow","true"
"e6216e73-9a28-4d90-ae66-699417b7b15a","2025-11-16T18:15:12.848138+00:00","MATCH (q:Question) RETURN count(q) AS total_questions","299","simple","Count the total number of questions in the system","1","buzzoverflow","true"
"84cd8a38-8c77-45db-b214-9d785e01f91d","2025-11-14T17:09:52.093355+00:00","""MATCH (q:Question)-[:TAGGED]->(t:Tag) RETURN t.name, count(q) AS question_count, avg(q.upVotes) AS avg_upvotes ORDER BY avg_upvotes DESC LIMIT 5""","367.49","medium","What are the most popular tags for questions with high view counts?","5","buzzoverflow","true"
"3ff33ebd-fc9f-470f-a17a-6bd9d238b95b","2025-11-16T18:17:32.112517+00:00","""MATCH (q:Question) RETURN q.title, q.favorites ORDER BY q.favorites DESC LIMIT 5""","272.38","medium","What are the most favorited questions?","5","buzzoverflow","true"
"5824c754-d329-4f8a-8bc1-6cdea2dde29f","2025-11-14T17:17:12.858106+00:00","""MATCH (u:User) RETURN u.display_name, u.reputation ORDER BY u.reputation DESC LIMIT 3""","304.21","medium","What are the top 3 users with the highest reputation?","3","buzzoverflow","true"
"03c9406c-626c-40c1-bb52-14bba03dd0c2","2025-11-16T18:24:29.516169+00:00","""MATCH (q:Question)-[:TAGGED]->(t:Tag) RETURN t.name, COUNT(q) AS question_count ORDER BY question_count DESC LIMIT 1""","315.26","medium","Find the most popular tag by question count","1","buzzoverflow","true"
"1f06705b-900a-4057-aba3-ce2382a91910","2025-11-14T17:21:04.358910+00:00","MATCH (q:Question) RETURN count(q) AS total_questions","268.18","complex","How many total questions are in the platform?","1","buzzoverflow","true"
"6de51f5e-9b3e-4883-a49e-1d978d692c18","2025-11-14T17:26:14.230149+00:00","MATCH (u:User) RETURN count(u) AS total_users","305.16","simple","How many unique users exist in the database?","1","buzzoverflow","true"
"061f6a11-f3db-4733-a830-2f512a793415","2025-11-16T18:18:09.900008+00:00","MATCH (q:Question) RETURN count(q) AS total_questions","295.87","simple","Count all questions in the database","1","buzzoverflow","true"
"c5ccbad9-1ede-43ff-84bc-21bb17f64ccd","2025-11-14T17:30:24.695809+00:00","""MATCH (q:Question)-[:TAGGED]->(t:Tag) RETURN t.name, AVG(q.score) AS avg_score ORDER BY avg_score DESC LIMIT 10""","361.71","medium","What is the average question score for each tag?","10","buzzoverflow","true"
"ec4b08e4-c932-4e7b-950c-5c28d0ba1e96","2025-11-16T18:26:12.110262+00:00","""MATCH (u:User)-[:ASKED]->(q:Question) RETURN u.display_name, count(q) AS question_count ORDER BY question_count DESC LIMIT 1""","297.75","medium","Find the user with the highest number of posted questions","1","buzzoverflow","true"
"49c5c4a8-f75e-417a-a01b-67668cb3d78d","2025-11-14T17:28:13.525407+00:00","MATCH (u:User) WHERE u.reputation > 10000 RETURN COUNT(u) AS high_reputation_users","287.38","medium","How many users have a reputation above 10000?","1","buzzoverflow","true"
"1220a5d3-6d1b-41ba-a960-605d660e1471","2025-11-14T17:11:38.592440+00:00","""MATCH (q:Question)-[:TAGGED]->(t:Tag) WHERE q.upVotes > 50 RETURN t.name, AVG(q.upVotes) AS avg_upvotes, COUNT(q) AS question_count ORDER BY avg_upvotes DESC LIMIT 5""","400.25","complex","What are the top tags for questions with the most upvotes?","3","buzzoverflow","true"
"aea6841c-1df7-4f9e-ae68-1b961756a435","2025-11-14T17:08:54.129341+00:00","MATCH (t:Tag) RETURN count(DISTINCT t.name) AS unique_tags","302.05","simple","How many unique tags exist in the database?","1","buzzoverflow","true"
"2be8dab6-0c60-4fbd-b597-bc1a49ad3507","2025-11-16T18:28:10.073258+00:00","MATCH (u:User) RETURN count(u) AS total_users","300.03","simple","How many users are registered in the system?","1","buzzoverflow","true"
"de34f72b-3ed2-473f-abe6-60c1a4bd11f2","2025-11-16T17:35:54.441080+00:00","""MATCH (q:Question)-[:TAGGED]->(t:Tag) WITH t, avg(q.score) AS avg_score ORDER BY avg_score DESC LIMIT 5 RETURN t.name, avg_score""","349.32","complex","Find tags with the highest average question score","5","buzzoverflow","true"
"8158c525-5978-4895-a562-309ef37042ec","2025-11-16T18:30:07.732834+00:00","""MATCH (q:Question)-[:TAGGED]->(t:Tag) WHERE q.score > 50 RETURN DISTINCT t.name, COUNT(q) AS high_score_questions ORDER BY high_score_questions DESC LIMIT 10""","299.01","complex","What tags are associated with questions having a score above 50?","3","buzzoverflow","true"
"f991897a-ea99-47ae-9cc4-55e385c56cfb","2025-11-16T18:33:36.105793+00:00","""MATCH (u:User)-[:ASKED]->(q1:Question)-[:TAGGED]->(t1:Tag {name: 'python'}), (u)-[:ASKED]->(q2:Question)-[:TAGGED]->(t2:Tag {name: 'machine-learning'}) RETURN DISTINCT u.display_name LIMIT 10""","302.19","multi-hop","Identify developers who have posted questions tagged with both 'python' and 'machine-learning'","0","buzzoverflow","true"
"351f6592-1759-48f9-9159-380849f63ecb","2025-11-16T18:27:11.198497+00:00","""MATCH (q:Question)-[:TAGGED]->(t:Tag) WITH t, avg(q.score) AS avg_score WHERE avg_score > 5 RETURN t.name, avg_score ORDER BY avg_score DESC LIMIT 4""","349.21","complex","Find the top 4 tags with questions that have an average score higher than 5","4","buzzoverflow","true"
"3241bb43-a8bf-41ab-bd6e-5452eff0dbca","2025-11-14T17:20:47.156767+00:00","MATCH (u:User) RETURN avg(u.reputation) AS average_reputation","305.81","medium","What is the average reputation of users in the platform?","1","buzzoverflow","true"
"df24db6c-25f9-4e8e-91ad-767e1a9bce32","2025-11-14T17:28:49.779963+00:00","""MATCH (u:User) RETURN u.display_name, u.reputation ORDER BY u.reputation DESC LIMIT 1""","274.53","medium","Who is the user with the highest reputation?","1","buzzoverflow","true"
"e13f74c4-8c29-4fc4-85b6-c42c62aa0915","2025-11-13T19:16:46.816970+00:00","""MATCH (u:User) RETURN u.display_name, u.reputation ORDER BY u.reputation DESC LIMIT 1""","302.46","medium","Who is the user with the highest reputation?","1","buzzoverflow","true"
"c1bd6ba8-1cb5-4434-afa2-f82f47ac6a22","2025-11-14T17:15:43.260118+00:00","MATCH (q:Question) RETURN count(q) AS total_questions","267.39","simple","What is the total count of questions in this Q&A platform?","1","buzzoverflow","true"
"01a9bda5-81c9-4f80-b2c7-991c86e0e4e8","2025-11-16T18:24:05.946536+00:00","""MATCH (u:User)-[:ASKED]->(q1:Question)-[:TAGGED]->(t1:Tag {name: 'javascript'}), (u)-[:ASKED]->(q2:Question)-[:TAGGED]->(t2:Tag {name: 'python'}) RETURN DISTINCT u.display_name LIMIT 5""","292.13","multi-hop","Which users have asked questions tagged with both 'javascript' and 'python'?","5","buzzoverflow","true"
"b3401b88-8486-4ae5-bc9a-cf88e9c4baa1","2025-11-16T18:31:36.099070+00:00","""MATCH (q:Question)-[:TAGGED]->(t:Tag) WHERE q.score > 10 WITH q, count(DISTINCT t) as tag_count WHERE tag_count >= 3 RETURN q.title, q.score, tag_count ORDER BY q.score DESC LIMIT 10""","305.95","complex","Find questions with a score over 10 that have at least 3 different tags","10","buzzoverflow","true"
"e02989a7-2095-45d1-9dfe-2c95e9d65884","2025-11-14T17:22:42.515182+00:00","""MATCH (q:Question)-[:TAGGED]->(t:Tag {name: 'graphql'}) WHERE q.score > 10 RETURN q.title, q.score ORDER BY q.score DESC LIMIT 5""","364.72","complex","Find top 5 high-scoring questions tagged with GraphQL","5","buzzoverflow","true"
"5c9ff625-45e2-46dc-a6d7-3f28031fea77","2025-11-16T17:35:14.295995+00:00","""MATCH (q:Question)-[:TAGGED]->(t:Tag) WHERE q.upVotes > 100 RETURN t.name, count(q) AS tag_count ORDER BY tag_count DESC LIMIT 5""","299.17","complex","Find the most popular tags for questions with more than 100 upvotes","0","buzzoverflow","true"
"d355560b-0a02-47a2-9aee-98514261b729","2025-11-14T17:14:16.278390+00:00","""MATCH (u:User)-[:ASKED]->(q:Question)-[:TAGGED]->(t:Tag) WITH u, count(DISTINCT t) AS tag_count WHERE tag_count > 1 RETURN u.display_name, tag_count ORDER BY tag_count DESC LIMIT 5""","398.7","multi-hop","Find users who have asked questions across multiple tags","5","buzzoverflow","true"
"6e754b8e-cb54-4e05-a686-4be09aa24dae","2025-11-16T18:23:27.922888+00:00","MATCH (u:User) RETURN count(u) AS total_users","301.53","simple","Count the number of users in the database","1","buzzoverflow","true"
"42e3c17a-ef48-461f-95df-0ab16115e328","2025-11-14T04:06:44.784757+00:00","""MATCH (q:Question)-[:TAGGED]->(t:Tag)\nWHERE q.upVotes > 50\nRETURN q.title, q.upVotes, t.name\nORDER BY q.upVotes DESC\nLIMIT 5""","308.95","complex","Find the top 5 questions with the most upvotes across all tags","3","buzzoverflow","true"
"39db6daf-9b78-4d24-b446-cbe5c41ec5a0","2025-11-14T17:24:26.340715+00:00","""MATCH (u:User)-[:ASKED]->(q:Question)-[:TAGGED]->(t:Tag) WITH u, COLLECT(DISTINCT t.name) AS tags WHERE SIZE(tags) > 1 RETURN u.display_name, tags LIMIT 10""","301.15","multi-hop","Identify developers who have posted questions across multiple technology tags","10","buzzoverflow","true"
"1312527c-b879-4f87-86af-f93c2266d0b9","2025-11-16T17:35:43.874809+00:00","""MATCH (u:User)-[:ASKED]->(q:Question) WITH u, count(q) AS questions_asked ORDER BY questions_asked DESC LIMIT 3 RETURN u.display_name, questions_asked""","303.68","medium","What are the top 3 most active users by number of questions asked?","3","buzzoverflow","true"
"cb9d12d2-f1b6-4713-bdda-a82d5da38b71","2025-11-16T18:30:46.442350+00:00","MATCH (u:User) RETURN count(u) as total_users","258.92","simple","How many users are registered in the database?","1","buzzoverflow","true"
"ee50c592-73ec-4a73-ad97-775112d3e3ca","2025-11-14T17:29:24.862847+00:00","""MATCH (u:User)-[:ASKED]->(q1:Question)-[:TAGGED]->(t1:Tag), (u)-[:ASKED]->(q2:Question)-[:TAGGED]->(t2:Tag) WHERE t1.name CONTAINS 'javascript' AND t2.name CONTAINS 'react' RETURN DISTINCT u.display_name LIMIT 10""","277.85","multi-hop","Identify developers who have asked questions in both JavaScript and React domains","10","buzzoverflow","true"
"7fbe2455-4e9d-4cef-be9c-6d8e79c27119","2025-11-16T17:35:24.235116+00:00","""MATCH (u:User)-[:ASKED]->(q:Question)-[:TAGGED]->(t:Tag) WITH u, count(DISTINCT t) AS tag_count WHERE tag_count > 1 RETURN u.display_name, tag_count ORDER BY tag_count DESC LIMIT 5""","313.2","multi-hop","Find users who asked questions with multiple tags","5","buzzoverflow","true"
"d7613177-8d9b-4afc-a350-e92eb6ad3916","2025-11-16T18:16:00.561575+00:00","""MATCH (u:User) RETURN u.display_name, u.reputation ORDER BY u.reputation DESC LIMIT 3""","299.76","medium","What are the top 3 users with the highest reputation?","3","buzzoverflow","true"
"e95027a8-71c1-4178-b9c1-06d1deec33cd","2025-11-14T17:24:54.558742+00:00","""MATCH (u:User)-[:ASKED]->(q:Question) RETURN u.display_name, COUNT(q) AS question_count ORDER BY question_count DESC LIMIT 1""","299.99","medium","Which user has asked the most questions?","1","buzzoverflow","true"
"1e33f9dc-91e0-4f26-9981-7b1d2bfa47ae","2025-11-14T16:53:58.117949+00:00","""MATCH (q:Question) RETURN q.title, q.upVotes ORDER BY q.upVotes DESC LIMIT 3""","293.75","complex","What are the top 3 questions with the most upvotes?","3","buzzoverflow","true"
"1959ecbd-3801-4e4b-8429-1cb7d428c8ce","2025-11-14T17:16:29.722747+00:00","""MATCH (u:User)-[:ASKED]->(q:Question) RETURN u.display_name, q.title, q.favorites ORDER BY q.favorites DESC LIMIT 5""","303.19","medium","Who asked the questions with the most favorites?","5","buzzoverflow","true"
"a71e68ff-d5a4-4269-9a09-b8607a992ee7","2025-11-14T17:08:12.560958+00:00","MATCH (u:User) RETURN count(u) AS total_users","304.67","simple","How many total users are in the database?","1","buzzoverflow","true"
"0e0bdbc0-6268-4491-8834-5d75fafdb2a6","2025-11-16T18:22:09.519023+00:00","""MATCH (q:Question)-[:TAGGED]->(t:Tag) WITH q, COUNT(DISTINCT t) AS tag_count WHERE q.score > 10 AND tag_count >= 3 RETURN q.title, q.score, tag_count ORDER BY q.score DESC LIMIT 5""","347.21","complex","Identify questions with a score above 10 that have at least three tags","5","buzzoverflow","true"
"143a37e7-518e-406c-ad6f-066f10cc47d5","2025-11-16T17:18:25.033705+00:00","""MATCH (u:User) RETURN u.display_name, u.reputation ORDER BY u.reputation DESC LIMIT 3""","263.81","medium","What are the top 3 users with the highest reputation?","3","buzzoverflow","true"
"a73db73b-f95b-4379-bf91-d7187a8993e9","2025-11-14T17:27:15.872168+00:00","""MATCH (u:User)-[:ASKED]->(q:Question) RETURN u.display_name, SUM(q.score) AS total_score ORDER BY total_score DESC LIMIT 5""","336.13","complex","Who are the top 5 users with the highest cumulative question scores?","5","buzzoverflow","true"
"13b901ae-d8ce-4afa-9e84-ecee5f397812","2025-11-14T17:19:50.323015+00:00","""MATCH (u:User)-[:ASKED]->(q1:Question)-[:TAGGED]->(t1:Tag {name: 'javascript'}), (u)-[:ASKED]->(q2:Question)-[:TAGGED]->(t2:Tag {name: 'reactjs'}) RETURN DISTINCT u.display_name LIMIT 10""","280.91","multi-hop","Which users have asked questions across JavaScript and React tags?","10","buzzoverflow","true"
"c2816011-1433-4434-b1e8-cdddac162fb6","2025-11-14T04:06:10.786823+00:00","""MATCH (u:User)-[:ASKED]->(q1:Question)-[:TAGGED]->(t1:Tag {name: 'javascript'}),\n(u)-[:ASKED]->(q2:Question)-[:TAGGED]->(t2:Tag {name: 'python'})\nRETURN DISTINCT u.display_name LIMIT 10""","298.88","multi-hop","Identify users who have contributed questions across JavaScript and Python domains","10","buzzoverflow","true"
"b245dd62-ac1b-4331-a132-7481a3eeab3b","2025-11-13T19:14:06.819021+00:00","MATCH (u:User)-[:ASKED]->(q:Question) RETURN avg(u.reputation) AS avg_reputation","378.4","medium","What is the average reputation of users who have asked questions?","1","buzzoverflow","true"
"ddc45a5b-bd92-4db8-ae93-f4c0cece9f24","2025-11-13T19:51:31.122163+00:00","""MATCH (u:User)-[:ASKED]->(q1:Question)-[:TAGGED]->(t1:Tag {name: 'graphql'}), (u)-[:ASKED]->(q2:Question)-[:TAGGED]->(t2:Tag {name: 'react'}) RETURN DISTINCT u.display_name LIMIT 10""","304.59","multi-hop","Find users who have asked questions in 'graphql' and 'react' tags","0","buzzoverflow","true"
"e97c9288-73ec-4cc0-9b60-295a3c485b6b","2025-11-14T04:07:12.749285+00:00","MATCH (u:User)-[:ASKED]->(q:Question)\nRETURN avg(u.reputation) AS average_reputation","305.93","medium","What is the average reputation of users who have asked questions?","1","buzzoverflow","true"
"52338fa6-9b9a-4b0d-9059-2d99a1cc28d4","2025-11-16T18:30:25.141562+00:00","""MATCH (u:User) WITH CASE WHEN u.reputation < 100 THEN 'Low' WHEN u.reputation >= 100 AND u.reputation < 500 THEN 'Medium' ELSE 'High' END AS reputation_bracket, COUNT(u) AS user_count ORDER BY user_count DESC RETURN reputation_bracket, user_count""","291.71","medium","How many users are in different reputation brackets?","3","buzzoverflow","true"
"7740c956-4840-4c66-aea2-b1e312da6d90","2025-11-14T17:15:29.108379+00:00","""MATCH (u:User)-[:ASKED]->(q1:Question)-[:TAGGED]->(t1:Tag), (u)-[:ASKED]->(q2:Question)-[:TAGGED]->(t2:Tag) WHERE t1 <> t2 RETURN DISTINCT u.display_name, COLLECT(DISTINCT t1.name) AS tags LIMIT 10""","613.05","multi-hop","Who are the users that have asked questions across multiple technology tags?","10","buzzoverflow","true"
"8388d096-5c07-4193-a3ca-ea69b3fc818a","2025-11-13T19:17:40.535112+00:00","MATCH (q:Question) RETURN count(q) AS total_questions","251.54","simple","What is the total number of questions in the database?","1","buzzoverflow","true"
"fbfd42ad-3856-407b-bcad-2bb6ec9c79bd","2025-11-13T19:52:57.189707+00:00","""MATCH (q:Question)-[:TAGGED]->(t:Tag) WHERE q.score > 50 RETURN t.name, COUNT(q) AS high_score_questions ORDER BY high_score_questions DESC LIMIT 10""","347.66","complex","What are the most popular tags for questions with high scores?","3","buzzoverflow","true"
"5c0bbb18-26bd-41a3-ad6d-e98ae95c930e","2025-11-14T17:12:10.027529+00:00","""MATCH (u:User)-[:ASKED]->(q:Question) RETURN u.display_name, COUNT(q) AS questions_asked ORDER BY questions_asked DESC LIMIT 5""","320.06","medium","What are the most active users in terms of questions asked?","5","buzzoverflow","true"
"31baf7b0-7f53-46c4-917e-de1cacc97750","2025-11-14T17:13:40.769981+00:00","MATCH (q:Question) RETURN count(q) AS total_questions","300.8","simple","How many questions are in the database?","1","buzzoverflow","true"
"5b711169-fd28-409b-9520-af93d1986bd7","2025-11-14T17:22:04.883066+00:00","""MATCH (u:User)-[:ASKED]->(q:Question)-[:TAGGED]->(t:Tag) WITH u, COLLECT(DISTINCT t.name) AS tags WHERE 'python' IN tags AND 'neo4j' IN tags RETURN u.display_name, tags LIMIT 10""","402.58","multi-hop","Which users have expertise in both Python and Neo4j based on their questions?","0","buzzoverflow","true"
"ef0dfa7e-590e-4e86-b149-05fcd2ee3af6","2025-11-14T17:25:17.394790+00:00","""MATCH (u:User)-[:ASKED]->(q:Question)-[:TAGGED]->(t:Tag) WITH u, COLLECT(DISTINCT t.name) AS tags WHERE SIZE(tags) >= 3 RETURN u.display_name, tags LIMIT 5""","401.96","multi-hop","Identify users who have asked questions with multiple specific tags","5","buzzoverflow","true"
"377930eb-f760-4dbc-9c71-45c92ddd9a09","2025-11-13T19:13:56.144962+00:00","""MATCH (u:User)-[:ASKED]->(q1:Question)-[:TAGGED]->(t1:Tag {name: 'react'}), (u)-[:ASKED]->(q2:Question)-[:TAGGED]->(t2:Tag {name: 'typescript'}) RETURN DISTINCT u.display_name LIMIT 10""","260.95","multi-hop","Find users who have asked questions in 'react' and 'typescript' tags","0","buzzoverflow","true"
"6a950c0e-7480-49d3-9a93-a6ec8055ad71","2025-11-16T17:34:54.438700+00:00","MATCH (u:User) RETURN count(u) AS total_users","265.77","simple","How many total users are in the database?","1","buzzoverflow","true"
"d024d97f-9888-4301-91ca-bdd6429e5305","2025-11-14T17:30:36.680837+00:00","""MATCH (q:Question)-[:TAGGED]->(t:Tag) WITH q, COUNT(DISTINCT t) AS tag_count WHERE tag_count > 2 RETURN q.title, q.score, tag_count ORDER BY q.score DESC LIMIT 5""","347.85","complex","Find questions that have more than two tags and sort by their score","5","buzzoverflow","true"
"c81140ca-17d4-4ae8-8db6-bfd94eaa5a36","2025-11-14T17:12:58.977734+00:00","""MATCH (u:User) RETURN u.display_name, u.reputation ORDER BY u.reputation DESC LIMIT 3""","273.58","medium","What are the top 3 users with the highest reputation?","3","buzzoverflow","true"
"c97c0726-b239-4091-9274-a36751ceed01","2025-11-14T16:54:44.507174+00:00","""MATCH (q:Question)-[:TAGGED]->(t1:Tag), (q)-[:TAGGED]->(t2:Tag) WHERE t1 <> t2 WITH t1.name AS tag1, t2.name AS tag2, COUNT(DISTINCT q) AS co_occurrence WHERE tag1 < tag2 RETURN tag1, tag2, co_occurrence ORDER BY co_occurrence DESC LIMIT 5""","588.87","complex","What are the top 5 tags that appear together most frequently?","5","buzzoverflow","true"
"fc819fbb-30bf-4317-bff5-e7e113d2ad38","2025-11-16T18:34:25.777729+00:00","""MATCH (u:User)-[:ASKED]->(q1:Question)-[:TAGGED]->(t1:Tag {name: 'java'}), (u)-[:ASKED]->(q2:Question)-[:TAGGED]->(t2:Tag {name: 'spring'}) RETURN DISTINCT u.display_name LIMIT 10""","290.47","multi-hop","Who are the users that have asked questions in Java and Spring domains?","4","buzzoverflow","true"
"54762148-2b32-4e76-88e0-38745b67c239","2025-11-14T16:52:51.576469+00:00","MATCH (u:User) RETURN count(u) AS total_users","269.72","simple","How many total users are registered on the platform?","1","buzzoverflow","true"
"7a655b00-0bf5-44e0-a77d-20230da36ff4","2025-11-16T18:18:28.777554+00:00","""MATCH (q:Question)-[:TAGGED]->(t:Tag) RETURN t.name, COUNT(q) AS question_count ORDER BY question_count DESC LIMIT 3""","598.1","complex","What are the top 3 tags with the most questions?","3","buzzoverflow","true"
"396e1b61-1b66-4910-95a3-1fa5fd581861","2025-11-14T17:11:15.755242+00:00","MATCH (q:Question) RETURN count(q) AS total_questions","297.45","simple","What is the total number of questions in the system?","1","buzzoverflow","true"
"93d5ccdc-db45-4825-8640-46d434e12816","2025-11-13T19:17:10.120625+00:00","""MATCH (u:User)-[:ASKED]->(q1:Question)-[:TAGGED]->(t1:Tag {name: 'javascript'}), (u)-[:ASKED]->(q2:Question)-[:TAGGED]->(t2:Tag {name: 'python'}) RETURN DISTINCT u.display_name LIMIT 10""","259.29","multi-hop","Identify developers who have expertise in both JavaScript and Python through their questions","10","buzzoverflow","true"
"a32ddfbb-76f0-411f-bd57-ccda5cce8386","2025-11-16T18:19:10.991223+00:00","""MATCH (u:User) RETURN u.display_name, u.reputation ORDER BY u.reputation DESC LIMIT 3""","264.79","medium","What are the top 3 most active users by reputation?","3","buzzoverflow","true"
"0091f6e4-622a-4c7f-96b2-0326311a9364","2025-11-16T18:27:23.684874+00:00","""MATCH (u:User)-[:ASKED]->(q1:Question)-[:TAGGED]->(t1:Tag {name: 'javascript'}), (u)-[:ASKED]->(q2:Question)-[:TAGGED]->(t2:Tag {name: 'typescript'}) RETURN DISTINCT u.display_name""","302.97","multi-hop","Identify users who have asked questions in both 'javascript' and 'typescript' tags","38","buzzoverflow","true"
"305adb37-72c4-4801-8698-2c6bfc2af2ee","2025-11-16T18:33:10.618131+00:00","""MATCH (u:User) RETURN u.display_name, u.reputation ORDER BY u.reputation DESC LIMIT 3""","318.59","medium","Who are the top 3 users with the highest reputation?","3","buzzoverflow","true"
"0bb12a83-280d-4bc1-96b4-2ca2bd01b7d0","2025-11-13T19:53:07.526461+00:00","""MATCH (u:User)-[:ASKED]->(q1:Question)-[:TAGGED]->(t1:Tag {name: 'javascript'}), (u)-[:ASKED]->(q2:Question)-[:TAGGED]->(t2:Tag {name: 'python'}) RETURN DISTINCT u.display_name LIMIT 10""","351.48","multi-hop","Find users who asked questions in both JavaScript and Python tags","10","buzzoverflow","true"
"ef909536-f57f-4ba9-a12a-2a1c534ced2d","2025-11-16T18:32:27.923606+00:00","""MATCH (q:Question)-[:TAGGED]->(t1:Tag), (q)-[:TAGGED]->(t2:Tag) WHERE t1 <> t2 RETURN DISTINCT q.title, collect(DISTINCT t1.name) as tags LIMIT 10""","607.19","multi-hop","What questions are tagged with multiple technology domains?","10","buzzoverflow","true"
"28649e2a-dfeb-43c6-87ce-b73d2c4d03bb","2025-11-13T19:50:46.117374+00:00","""MATCH (u:User)-[:ASKED]->(q1:Question)-[:TAGGED]->(t1:Tag {name: 'javascript'}), (u)-[:ASKED]->(q2:Question)-[:TAGGED]->(t2:Tag {name: 'react'}) RETURN DISTINCT u.display_name LIMIT 10""","272.31","multi-hop","Find users who have asked questions in both 'javascript' and 'react' tags","0","buzzoverflow","true"
"171a5532-ba22-4770-8f2c-18f1c7ae4879","2025-11-16T18:21:08.085792+00:00","""MATCH (u:User) RETURN u.display_name, u.reputation ORDER BY u.reputation DESC LIMIT 1""","272.2","medium","Who is the user with the highest reputation?","1","buzzoverflow","true"
"973bfe7a-6c74-4f4e-9851-a92b95ca339d","2025-11-16T17:36:32.535271+00:00","""MATCH (q:Question)-[:TAGGED]->(t:Tag) WITH t.name AS tag, count(q) AS question_count ORDER BY question_count DESC LIMIT 5 RETURN tag, question_count""","305.48","medium","What are the most common tags used in questions?","5","buzzoverflow","true"
"0323491e-4287-45b3-8374-5221df705cc6","2025-11-13T19:17:19.843396+00:00","""MATCH (q:Question) RETURN q.title, q.score ORDER BY q.score DESC LIMIT 3""","307.72","medium","Find the top 3 highest-scoring questions","3","buzzoverflow","true"
"8e42be0f-83f2-4d34-a231-26e3d8a4e822","2025-11-16T18:28:18.625903+00:00","""MATCH (u:User) RETURN u.display_name, u.reputation ORDER BY u.reputation DESC LIMIT 1""","287.98","medium","Who is the user with the highest reputation?","1","buzzoverflow","true"
"6bacf0ea-4c3b-4450-8261-87d8264ee253","2025-11-16T17:36:10.338977+00:00","""MATCH (u:User)-[:ASKED]->(q:Question)-[:TAGGED]->(t:Tag) WITH u, collect(DISTINCT t.name) AS unique_tags WHERE size(unique_tags) > 5 RETURN u.display_name, unique_tags, size(unique_tags) AS tag_diversity ORDER BY tag_diversity DESC LIMIT 5""","403.75","multi-hop","Identify users who have asked questions across diverse tag categories","5","buzzoverflow","true"
"35cec86f-e9b3-4dd5-b48c-5c7fd9e68672","2025-11-16T18:26:59.004941+00:00","""MATCH (u:User) RETURN u.display_name, u.reputation ORDER BY u.reputation DESC LIMIT 5""","269.05","medium","List the top 5 users with the highest reputation","5","buzzoverflow","true"
"4c982d8a-6301-40bb-a458-2ef74f08260f","2025-11-14T17:22:58.128153+00:00","""MATCH (u:User)-[:ASKED]->(q:Question)-[:TAGGED]->(t:Tag) WITH u, COLLECT(DISTINCT t.name) AS tags WHERE 'reactjs' IN tags AND 'graphql' IN tags RETURN u.display_name, tags LIMIT 10""","278.33","multi-hop","Identify developers with expertise across React and GraphQL technologies","10","buzzoverflow","true"
"24ecf80e-5711-4566-8bfd-08618a9d034c","2025-11-14T17:15:53.337634+00:00","""MATCH (q:Question) RETURN q.title, q.score ORDER BY q.score DESC LIMIT 3""","299.41","medium","What are the top 3 highest-scored questions?","3","buzzoverflow","true"
"4bb932c9-ca26-4b8e-b9c9-93eceb6f2862","2025-11-14T03:53:01.445835+00:00","MATCH (q:Question) RETURN count(q) AS total_questions","255.78","simple","What is the total count of questions in the buzzoverflow database?","1","buzzoverflow","true"
"c745babe-0153-4a25-9c18-7f370fcb075a","2025-11-16T18:16:43.299288+00:00","MATCH (q:Question) WHERE q.answered = true RETURN count(q) as answered_questions","362.69","simple","How many questions have been marked as answered?","1","buzzoverflow","true"
"5b00d0c2-5869-47df-b711-ffd0d519da4d","2025-11-14T17:21:42.965334+00:00","""MATCH (q:Question)-[:TAGGED]->(t:Tag) RETURN t.name, COUNT(q) AS question_count ORDER BY question_count DESC LIMIT 5""","300.61","complex","What are the top 5 most frequently used tags in questions?","5","buzzoverflow","true"
"bd1c651f-7a68-438d-a97e-8ab5af503ddd","2025-11-16T18:23:01.630936+00:00","MATCH (q:Question) RETURN count(q) AS total_questions","258.62","complex","How many questions are in the entire database?","1","buzzoverflow","true"
"00dd0f75-afea-4ede-b5b2-57d21fc033ad","2025-11-14T17:29:48.039769+00:00","""MATCH (q:Question)-[:TAGGED]->(t:Tag) RETURN t.name, count(q) AS question_count ORDER BY question_count DESC LIMIT 10""","301.09","medium","How many questions are associated with each tag?","10","buzzoverflow","true"
"bcb4846e-b215-4245-853b-0591755707ca","2025-11-16T18:29:05.011696+00:00","MATCH (q:Question) RETURN count(q) AS total_questions","302.25","simple","Count the number of questions in the database","1","buzzoverflow","true"
"4b3dda3d-b00b-4cde-b5a8-cf8c3b344e91","2025-11-14T16:53:01.901391+00:00","""MATCH (u:User) RETURN u.display_name, u.reputation ORDER BY u.reputation DESC LIMIT 1""","352.54","medium","Who is the user with the highest reputation?","1","buzzoverflow","true"
"6a6e3f91-babc-4ca7-a609-a2163f063c65","2025-11-13T19:50:04.842162+00:00","MATCH (q:Question) RETURN count(q) AS total_questions","299.54","simple","How many questions are in the database?","1","buzzoverflow","true"
"3d784cb4-ffac-4903-a850-ea0bfbc5fd43","2025-11-14T04:06:23.237238+00:00","MATCH (q:Question) RETURN count(q) AS total_questions","301.22","simple","What is the count of all questions in our system?","1","buzzoverflow","true"
"8d93967e-91b4-485a-8dbc-20d1e0145c39","2025-11-16T18:20:01.478751+00:00","""MATCH (q:Question)-[:TAGGED]->(t:Tag) WHERE q.score > 50 RETURN t.name, count(q) AS high_score_questions ORDER BY high_score_questions DESC LIMIT 5""","274.89","complex","What are the most active tags for questions with high scores?","3","buzzoverflow","true"
"69f3e326-4b59-4ca3-8f2c-8ebad706ee72","2025-11-14T17:17:23.198023+00:00","""MATCH (q:Question)-[:TAGGED]->(t:Tag) WHERE q.upVotes > 100 RETURN q.title, q.upVotes, COLLECT(t.name) AS tags ORDER BY q.upVotes DESC LIMIT 5""","404.27","complex","Find questions with more than 100 upvotes and their corresponding tags","0","buzzoverflow","true"
"9649f9b7-8d79-4b81-9ddc-e56d488e7c96","2025-11-16T17:19:23.320263+00:00","""MATCH (q:Question)-[:TAGGED]->(t:Tag) RETURN t.name, count(q) AS tag_count ORDER BY tag_count DESC LIMIT 5""","300.57","complex","What are the top 5 most frequently used tags in questions?","5","buzzoverflow","true"
"84136507-2cde-4b2d-a9cf-9e3a522036d3","2025-11-16T18:16:33.335865+00:00","""MATCH (u:User)-[:ASKED]->(q1:Question)-[:TAGGED]->(t1:Tag {name: 'javascript'}), (u)-[:ASKED]->(q2:Question)-[:TAGGED]->(t2:Tag {name: 'python'}) RETURN DISTINCT u.display_name LIMIT 10""","270.29","multi-hop","Identify developers active in both JavaScript and Python tags","10","buzzoverflow","true"
"b8624594-c158-4866-a971-c895509325bd","2025-11-13T19:16:56.349014+00:00","""MATCH (q:Question)-[:TAGGED]->(t:Tag) RETURN t.name, COUNT(q) AS question_count ORDER BY question_count DESC LIMIT 5""","301.63","complex","What are the top 5 most frequently used tags in questions?","5","buzzoverflow","true"
"fb6324c9-e0b1-4369-8d07-3928a640e5ae","2025-11-16T17:18:58.311988+00:00","MATCH (t:Tag) RETURN count(t) as total_tags","300.27","simple","How many tags exist in the database?","1","buzzoverflow","true"
"6703766e-dd11-49d6-a33a-feb855e4128d","2025-11-14T17:18:49.918018+00:00","""MATCH (q:Question)-[:TAGGED]->(t:Tag) WHERE q.score > 10 WITH t.name AS tag_name, COUNT(q) AS question_count, AVG(q.score) AS avg_score ORDER BY avg_score DESC LIMIT 5 RETURN tag_name, question_count, avg_score""","348.6","complex","Analyze questions with specific characteristics across different tags","5","buzzoverflow","true"
"952abc51-cd6d-4a3f-b706-7548b114b09e","2025-11-16T18:34:48.652228+00:00","MATCH (t:Tag) RETURN count(t) AS total_tags","256.52","simple","How many total tags exist in the database?","1","buzzoverflow","true"
"0d86c55e-f8be-46cb-b05b-43d38e4b00ee","2025-11-14T04:05:35.489049+00:00","MATCH (u:User) RETURN count(u) AS total_users","253.81","simple","How many total users are registered in the database?","1","buzzoverflow","true"
"3c0c406d-d457-4a56-ab1d-4c989644af99","2025-11-14T17:20:02.644687+00:00","MATCH (q:Question) RETURN count(q) AS total_questions","297.28","simple","Count the total number of questions in the platform","1","buzzoverflow","true"
"7b55aee4-9686-4b2d-be14-2fec7e37adca","2025-11-16T18:34:06.840973+00:00","""MATCH (q:Question)-[:TAGGED]->(t:Tag) WHERE q.score > 10 RETURN t.name, count(q) AS high_score_questions ORDER BY high_score_questions DESC LIMIT 5""","348.98","complex","What are the top 5 most frequently used tags for questions with a score above 10?","5","buzzoverflow","true"
"9e8fe412-cd17-494f-aaae-39d532b1fdf4","2025-11-16T18:25:01.836506+00:00","""MATCH (u:User)-[:ASKED]->(q:Question)-[:TAGGED]->(t:Tag) WITH u, COUNT(DISTINCT t) AS tag_count WHERE tag_count >= 3 RETURN u.display_name, tag_count ORDER BY tag_count DESC LIMIT 5""","351.94","multi-hop","Which users have asked questions with at least three different tags?","5","buzzoverflow","true"
"b3c6698e-fc2f-4870-8488-34c6f76ea209","2025-11-14T17:23:55.020207+00:00","""MATCH (u:User) RETURN u.display_name, u.reputation ORDER BY u.reputation DESC LIMIT 1""","298.14","medium","Who is the user with the highest reputation?","1","buzzoverflow","true"
"9f1b3ede-5bf2-4d29-826f-c522e5350727","2025-11-14T17:16:41.394160+00:00","""MATCH (q:Question)-[:TAGGED]->(t:Tag) RETURN t.name, SUM(q.upVotes) AS total_upvotes ORDER BY total_upvotes DESC LIMIT 5""","354.33","complex","Which tags have the highest total upvotes across all questions?","5","buzzoverflow","true"
"cce1602d-37b7-4d8e-a8fa-1992be72eaba","2025-11-16T17:18:48.721209+00:00","""MATCH (u:User)-[:ASKED]->(q1:Question)-[:TAGGED]->(t1:Tag {name: 'javascript'}), (u)-[:ASKED]->(q2:Question)-[:TAGGED]->(t2:Tag {name: 'reactjs'}) RETURN DISTINCT u.display_name LIMIT 10""","267.89","multi-hop","Find users who have asked questions in both JavaScript and React tags","10","buzzoverflow","true"
"62ab9018-95d7-4d13-8995-39906ebcb1de","2025-11-14T17:23:23.547334+00:00","""MATCH (q:Question)-[:TAGGED]->(t:Tag) WITH t.name AS tag, COUNT(q) AS total_questions, SUM(CASE WHEN q.answered = true THEN 1 ELSE 0 END) AS answered_questions RETURN tag, total_questions, answered_questions, (answered_questions * 1.0 / total_questions * 100) AS answer_percentage ORDER BY answer_percentage DESC LIMIT 5""","660.81","complex","Which tags have the highest percentage of answered questions?","5","buzzoverflow","true"
"28981e34-1342-4f1a-837a-18209ee9d2fd","2025-11-16T18:26:46.411144+00:00","MATCH (q:Question) WHERE q.answered = true RETURN count(q) AS answered_questions","263.52","simple","How many questions have been answered?","1","buzzoverflow","true"
"672f7220-9689-45c4-8e96-26bbb070b56d","2025-11-14T17:14:34.479992+00:00","""MATCH (q:Question)-[:TAGGED]->(t:Tag) WITH t, q, q.upVotes AS upvotes ORDER BY upvotes DESC WITH t, collect({question: q, upvotes: upvotes})[0..3] AS top_questions UNWIND top_questions AS top RETURN t.name AS tag, top.question.title AS question_title, top.upvotes AS upvotes""","5630.72","complex","What are the top 3 most upvoted questions for each tag?","2854","buzzoverflow","true"
"554f3e58-1cd8-4d9d-a74c-a4fb94095dee","2025-11-14T16:54:19.833535+00:00","""MATCH (u:User)-[:ASKED]->(q1:Question)-[:TAGGED]->(t1:Tag {name: 'reactjs'}), (u)-[:ASKED]->(q2:Question)-[:TAGGED]->(t2:Tag {name: 'graphql'}) RETURN DISTINCT u.display_name LIMIT 10""","348.57","multi-hop","Who are the developers working with both React and GraphQL technologies?","10","buzzoverflow","true"
"79c430a8-b423-44f6-9b08-45618f2f8a57","2025-11-14T17:13:51.736507+00:00","""MATCH (q:Question)-[:TAGGED]->(t:Tag) WHERE q.favorites > 50 RETURN t.name, count(q) AS favorite_question_count ORDER BY favorite_question_count DESC LIMIT 5""","297.82","complex","What are the top 5 tags on questions with more than 50 favorites?","0","buzzoverflow","true"
"38f6b44d-44c8-4e68-80e1-16ae2e4ed2b9","2025-11-16T18:21:43.518274+00:00","""MATCH (u:User)-[:ASKED]->(q1:Question)-[:TAGGED]->(t1:Tag {name: 'javascript'}), (u)-[:ASKED]->(q2:Question)-[:TAGGED]->(t2:Tag {name: 'react'}) RETURN DISTINCT u.display_name""","329.72","multi-hop","Identify users who have posted questions across 'javascript' and 'react' domains?","0","buzzoverflow","true"
"c7c52f3e-9b6c-4bd7-a1a9-53f86ca6ed9b","2025-11-16T18:25:51.935482+00:00","MATCH (q:Question) RETURN count(q) AS total_questions","259.54","simple","How many unique questions exist in the buzzoverflow platform?","1","buzzoverflow","true"
"1d552448-ea00-471c-85be-aeb154c325e2","2025-11-14T17:13:20.892847+00:00","""MATCH (u:User)-[:ASKED]->(q1:Question)-[:TAGGED]->(t1:Tag {name: 'python'}), (u)-[:ASKED]->(q2:Question)-[:TAGGED]->(t2:Tag {name: 'neo4j'}) RETURN DISTINCT u.display_name""","297.4","multi-hop","Find users who asked questions tagged with both 'python' and 'neo4j'","0","buzzoverflow","true"
"453f79c5-6b6a-40ba-b68d-91eeba68feab","2025-11-14T17:25:05.820834+00:00","""MATCH (q:Question) RETURN q.title, q.score ORDER BY q.score DESC LIMIT 3""","301.59","complex","Find the top 3 questions with the highest scores","3","buzzoverflow","true"
"be2428fd-c162-4048-87da-249d0a59171e","2025-11-14T17:17:03.505604+00:00","MATCH (u:User) RETURN count(u) AS total_users","266.75","simple","How many total users are in the buzzoverflow database?","1","buzzoverflow","true"
"3a4ad863-3071-4ae8-aaac-9108f8368af4","2025-11-14T17:18:33.520393+00:00","MATCH (u:User)-[:ASKED]->(q:Question) RETURN avg(u.reputation) AS average_reputation","292.04","medium","What is the average reputation of users who asked questions?","1","buzzoverflow","true"
"38bad976-5e62-430d-8106-803c994e734d","2025-11-16T18:31:14.496859+00:00","""MATCH (q:Question)-[:TAGGED]->(t:Tag) RETURN t.name, count(q) as question_count ORDER BY question_count DESC LIMIT 5""","293.98","medium","What are the top 5 tags with the most questions?","5","buzzoverflow","true"
"0c0ac7f8-c7a9-498c-ae9b-7d526a13651a","2025-11-16T18:25:12.817615+00:00","MATCH (u:User)-[:ASKED]->(q:Question) RETURN AVG(u.reputation) AS avg_user_reputation","314.18","medium","Find the average reputation of users who asked questions","1","buzzoverflow","true"
"e3a21427-46ca-4783-84f1-e5ff2c5d4857","2025-11-14T17:26:33.595342+00:00","""MATCH (q:Question)-[:TAGGED]->(t:Tag) RETURN t.name, COUNT(q) AS tag_count ORDER BY tag_count DESC LIMIT 5""","306.39","complex","What are the top 5 most frequently used tags?","5","buzzoverflow","true"
"d664d240-d868-4802-b505-77215fd5c2dd","2025-11-16T18:15:24.696142+00:00","""MATCH (u:User)-[:ASKED]->(q:Question) RETURN u.display_name, COUNT(q) AS questions_asked ORDER BY questions_asked DESC LIMIT 5""","300.73","medium","What are the most active users based on the number of questions they've asked?","5","buzzoverflow","true"
"eb331a77-6c73-46d8-9120-12742c5e1f1e","2025-11-14T04:05:56.551556+00:00","""MATCH (q:Question)-[:TAGGED]->(t:Tag) \nWHERE t.name IN ['java', 'python', 'javascript', 'c++', 'ruby'] \nRETURN q.title, q.score, t.name \nORDER BY q.score DESC LIMIT 3""","284.13","complex","What are the top 3 highest-scored questions tagged with programming languages?","3","buzzoverflow","true"
"b385cae1-2160-4f9f-969e-635b472c358e","2025-11-14T17:30:00.126553+00:00","""MATCH (q:Question) WHERE q.upVotes > 10 RETURN q.title, q.score, q.upVotes ORDER BY q.score DESC LIMIT 5""","298.52","complex","What are the top 5 highest-scoring questions with more than 10 upvotes?","5","buzzoverflow","true"
"26f47bec-4848-4c7d-93f0-4fa7951241bc","2025-11-13T19:51:07.220371+00:00","""MATCH (u:User) WHERE u.reputation > 1000 WITH u, size([(u)-[:ASKED]->(q:Question) WHERE q.answered = true | q]) AS answered_questions RETURN u.display_name, u.reputation, answered_questions ORDER BY answered_questions DESC LIMIT 5""","311.23","complex","Find top 5 users with reputation over 1000 who have answered the most questions","5","buzzoverflow","true"
"97169190-7a07-495e-bba4-46f216f42236","2025-11-14T17:10:35.719876+00:00","""MATCH (u:User) RETURN u.display_name, u.reputation ORDER BY u.reputation DESC LIMIT 3""","300.27","medium","Who are the top 3 users with the highest reputation?","3","buzzoverflow","true"
"0ce4572d-141d-414b-a245-2a1bea5234ab","2025-11-16T18:24:46.807992+00:00","""MATCH (q:Question)-[:TAGGED]->(t:Tag) WHERE q.score > 10 RETURN t.name, AVG(q.score) AS avg_score, COUNT(q) AS high_score_questions ORDER BY high_score_questions DESC LIMIT 5""","301.24","complex","What are the top 5 tags for questions with high scores?","5","buzzoverflow","true"
"1ce83b64-7d2b-48f7-b29b-6441a8337d00","2025-11-16T17:19:35.030869+00:00","""MATCH (u:User)-[:ASKED]->(q1:Question)-[:TAGGED]->(t1:Tag {name: 'graphql'}), (u)-[:ASKED]->(q2:Question)-[:TAGGED]->(t2:Tag {name: 'apollo'}) RETURN DISTINCT u.display_name LIMIT 10""","298.82","multi-hop","Find users who have asked questions in both GraphQL and Apollo tags","10","buzzoverflow","true"
"9f9ccb9f-b86e-4205-b8e6-5ea85b596d60","2025-11-13T19:14:17.977767+00:00","""MATCH (q:Question)-[:TAGGED]->(t:Tag) RETURN t.name, sum(q.score) AS total_score ORDER BY total_score DESC LIMIT 5""","343.26","complex","Which tags have the highest total question scores?","5","buzzoverflow","true"
"f3c568cf-d343-4a78-ab97-b7c7c5df560e","2025-11-16T18:21:17.598157+00:00","""MATCH (q:Question)-[:TAGGED]->(t:Tag) RETURN t.name, COUNT(q) AS question_count ORDER BY question_count DESC LIMIT 5""","306.53","complex","What are the top 5 tags with the most questions?","5","buzzoverflow","true"
"20e618f5-2f50-413c-b76b-27d4d2ac506b","2025-11-16T18:25:23.261560+00:00","MATCH (t:Tag) RETURN count(DISTINCT t) AS unique_tags","269.2","simple","Count the number of unique tags","1","buzzoverflow","true"
"9c6c00f5-9472-4dfe-ac7b-296570fd0d03","2025-11-16T18:27:35.257320+00:00","""MATCH (q:Question) WHERE q.upVotes > 50 RETURN q.title, q.upVotes ORDER BY q.upVotes DESC LIMIT 5""","287.68","medium","""Find questions with more than 50 upvotes, sorted by upvote count""","1","buzzoverflow","true"